<x:xmpmeta tsc:version="2.0.1" xmlns:x="adobe:ns:meta/" xmlns:tsc="http://www.techsmith.com/xmp/tsc/">
   <rdf:RDF xmlns:rdf="http://www.w3.org/1999/02/22-rdf-syntax-ns#" xmlns:xmp="http://ns.adobe.com/xap/1.0/" xmlns:xmpDM="http://ns.adobe.com/xmp/1.0/DynamicMedia/" xmlns:xmpG="http://ns.adobe.com/xap/1.0/g/" xmlns:xmpMM="http://ns.adobe.com/xap/1.0/mm/" xmlns:tscDM="http://www.techsmith.com/xmp/tscDM/" xmlns:tscIQ="http://www.techsmith.com/xmp/tscIQ/" xmlns:tscHS="http://www.techsmith.com/xmp/tscHS/" xmlns:stDim="http://ns.adobe.com/xap/1.0/sType/Dimensions#" xmlns:stFnt="http://ns.adobe.com/xap/1.0/sType/Font#" xmlns:exif="http://ns.adobe.com/exif/1.0" xmlns:dc="http://purl.org/dc/elements/1.1/">
      <rdf:Description dc:date="2020-05-30 05:51:53 AM" dc:source="Camtasia,9.1.1,enu" dc:title="Untitled Project" tscDM:firstFrame="Untitled_Project_First_Frame.png" tscDM:originId="7F2C2004-4771-44CE-916E-3D12691AA93C" tscDM:project="Untitled Project">
         <xmpDM:duration xmpDM:scale="1/1000" xmpDM:value="67066"/>
         <xmpDM:videoFrameSize stDim:unit="pixel" stDim:h="818" stDim:w="1454"/>
         <tsc:langName>
            <rdf:Bag>
               <rdf:li xml:lang="en-US">English</rdf:li></rdf:Bag>
         </tsc:langName>
         <xmpDM:Tracks>
            <rdf:Bag>
               <rdf:li>
                  <rdf:Description xmpDM:trackType="Quiz" xmpDM:frameRate="f1000" xmpDM:trackName="Quiz" tscIQ:quizGuid="62A73598-4014-4B2A-B611-57D346F8C92A" tscIQ:authoredEmail="TeFa1rpxtShZbBboXnsF8ESKMmwtllH+r07hwBQ5iqFbFgt8TiAdkndwHpO93hE+udu7CKIHa8fi
G3tMGR39h2ca101KYAFbPQD0sWYXcNPIlYdxO/3aL/aZ0aAXZLC7Ke8U2gLrb+Kz3vKexzFUwCpL
Gj1kRTCZUrWlbIN0vGMBh3cNiXwP1yxg2UVger5qKuY/2ggLoOAjDVTzXsSwzmG2ucp01Pim2Wot
jtvMcO52zuQCyxt5y2Ui7G5dDBzXUcU0gv9AiZ8gQP7OheH0GU2ifBg5JtiaLSIlz2og4Ak16Pf8
uHvZ7VvOupAqaFIa7PL1kCM8XzaG2hdlm6TcAg==" tscIQ:requireUserId="0" tscIQ:locale="en-US" tscIQ:reportMethod="SCORM" tscIQ:allowSkipQuiz="0" tscIQ:clientId="1CDF22D874AC443FBBB68075B4AE31CD" tscIQ:hideReplay="0" tscIQ:quizHash="a1a08d45f60a1c2590045422ead82515">
                     <xmpDM:markers>
                        <rdf:Seq>
                           <rdf:li><rdf:Description xmpDM:startTime="26100" tscIQ:feedback="1" tscIQ:questionSetName="Quiz 11"><tscIQ:questions><rdf:Seq><rdf:li><rdf:Description tscIQ:type="MC" tscIQ:id="0"><tscIQ:question>Sample Questions Question no 01 ?</tscIQ:question><tscIQ:correctAnswer>2</tscIQ:correctAnswer><tscIQ:answerArray><rdf:Seq><rdf:li><rdf:Description tscIQ:orderId="0"><tscIQ:answer>answer 01</tscIQ:answer></rdf:Description></rdf:li><rdf:li><rdf:Description tscIQ:orderId="1"><tscIQ:answer>answer 02</tscIQ:answer></rdf:Description></rdf:li><rdf:li><rdf:Description tscIQ:orderId="2"><tscIQ:answer>answer 03</tscIQ:answer></rdf:Description></rdf:li></rdf:Seq></tscIQ:answerArray><tscIQ:feedback><rdf:Bag><rdf:li><rdf:Description tscIQ:reason="correct"><xmpDM:name><rdf:Alt><rdf:li>congratulation</rdf:li></rdf:Alt></xmpDM:name></rdf:Description></rdf:li><rdf:li><rdf:Description tscIQ:reason="incorrect"><xmpDM:name><rdf:Alt><rdf:li>Wrong answer : (</rdf:li></rdf:Alt></xmpDM:name></rdf:Description></rdf:li></rdf:Bag></tscIQ:feedback></rdf:Description></rdf:li></rdf:Seq></tscIQ:questions></rdf:Description></rdf:li><rdf:li><rdf:Description xmpDM:startTime="66767" tscIQ:feedback="1" tscIQ:questionSetName="Quiz 18"><tscIQ:questions><rdf:Seq><rdf:li><rdf:Description tscIQ:type="MC" tscIQ:id="1"><tscIQ:question>Sample question question no 2</tscIQ:question><tscIQ:correctAnswer>2</tscIQ:correctAnswer><tscIQ:answerArray><rdf:Seq><rdf:li><rdf:Description tscIQ:orderId="0"><tscIQ:answer>Default Answer Text</tscIQ:answer></rdf:Description></rdf:li><rdf:li><rdf:Description tscIQ:orderId="1"><tscIQ:answer>answer 01</tscIQ:answer></rdf:Description></rdf:li><rdf:li><rdf:Description tscIQ:orderId="2"><tscIQ:answer>answer 02</tscIQ:answer></rdf:Description></rdf:li><rdf:li><rdf:Description tscIQ:orderId="3"><tscIQ:answer>answer 03</tscIQ:answer></rdf:Description></rdf:li></rdf:Seq></tscIQ:answerArray><tscIQ:feedback><rdf:Bag><rdf:li><rdf:Description tscIQ:reason="correct"><xmpDM:name><rdf:Alt><rdf:li>congratulation</rdf:li></rdf:Alt></xmpDM:name></rdf:Description></rdf:li><rdf:li><rdf:Description tscIQ:reason="incorrect"><xmpDM:name><rdf:Alt><rdf:li>Sorry Wrong answer Try again</rdf:li></rdf:Alt></xmpDM:name></rdf:Description></rdf:li></rdf:Bag></tscIQ:feedback></rdf:Description></rdf:li></rdf:Seq></tscIQ:questions></rdf:Description></rdf:li></rdf:Seq>
                     </xmpDM:markers>
                     <tscIQ:QuizParams><rdf:Bag><rdf:li xmpDM:name="txtPrev" xmpDM:value="Previous"/><rdf:li xmpDM:name="txtNext" xmpDM:value="Next"/><rdf:li xmpDM:name="txtAnswerQuestion" xmpDM:value="Take Quiz Now"/><rdf:li xmpDM:name="txtSubmit" xmpDM:value="Submit Answers"/><rdf:li xmpDM:name="txtReview" xmpDM:value="Replay Last Section"/><rdf:li xmpDM:name="txtReviewAnswer" xmpDM:value="View Answers"/><rdf:li xmpDM:name="txtContinue" xmpDM:value="Continue"/></rdf:Bag></tscIQ:QuizParams></rdf:Description>
               </rdf:li>
            </rdf:Bag>
         </xmpDM:Tracks>
         <tscDM:controller>
            <rdf:Description xmpDM:name="tscplayer">
               <tscDM:parameters>
                  <rdf:Bag>
                     <rdf:li xmpDM:name="autohide" xmpDM:value="true"/><rdf:li xmpDM:name="autoplay" xmpDM:value="false"/><rdf:li xmpDM:name="loop" xmpDM:value="false"/><rdf:li xmpDM:name="searchable" xmpDM:value="false"/><rdf:li xmpDM:name="captionsenabled" xmpDM:value="false"/><rdf:li xmpDM:name="sidebarenabled" xmpDM:value="false"/><rdf:li xmpDM:name="unicodeenabled" xmpDM:value="false"/><rdf:li xmpDM:name="backgroundcolor" xmpDM:value="000000"/><rdf:li xmpDM:name="sidebarlocation" xmpDM:value="left"/><rdf:li xmpDM:name="endaction" xmpDM:value="stop"/><rdf:li xmpDM:name="endactionparam" xmpDM:value="true"/><rdf:li xmpDM:name="locale" xmpDM:value="en-US"/></rdf:Bag>
               </tscDM:parameters>
               <tscDM:controllerText>
                  <rdf:Bag>
                  </rdf:Bag>
               </tscDM:controllerText>
            </rdf:Description>
         </tscDM:controller>
         <tscDM:contentList>
            <rdf:Description>
               <tscDM:files>
                  <rdf:Seq>
                     <rdf:li xmpDM:name="0" xmpDM:value="Untitled Project.mp4"/><rdf:li xmpDM:name="1" xmpDM:value="Untitled Project.zip"/><rdf:li xmpDM:name="2" xmpDM:value="Untitled_Project_First_Frame.png"/></rdf:Seq>
               </tscDM:files>
            </rdf:Description>
         </tscDM:contentList>
      </rdf:Description>
   </rdf:RDF>
</x:xmpmeta>